,link,writer,title,time,comments
0,https://www.ptt.cc/bbs/LAW/M.1639278563.A.F42.html,nextsolar (昨天的月亮),[問題] 債務人行蹤不行 法院要如何拘提呢？,Sun Dec 12 11:09:21 2021,"[{'author': 'maniaque', 'text': ': 條文有寫啊,執達員執行,准用刑事訴訟法的拘提', 'time': ' 12/12 13:38\n'}, {'author': 'maniaque', 'text': ': 拘提不到通緝?? 想太多.......找不到人就找不到人,這樣.', 'time': ' 12/12 13:40\n'}, {'author': 'maniaque', 'text': ': 欠債而已,民事可不見得法院會幫你債權人拘提/管收債務人', 'time': ' 12/12 13:41\n'}, {'author': 'q135q135', 'text': ': 樓上某m的推文建議略過別看  以免被誤導', 'time': ' 12/12 14:03\n'}, {'author': 'maniaque', 'text': ': 樓上的更不用看,只會 copy and paste ,還有什麼會的???', 'time': ' 12/12 14:52\n'}, {'author': 'maniaque', 'text': ': 而且還是 copy 一樣的....翻翻 ptt 農場就可以看到了', 'time': ' 12/12 14:53\n'}, {'author': 'nextsolar', 'text': ': 那... 所以 拘提不到債務人 會變成 刑訴的通緝嗎 謝謝', 'time': ' 12/12 18:12\n'}, {'author': 'jim23027', 'text': ': 看強制執行法第22-5條規定，只準用到拘提、羈押相關規定', 'time': ' 12/12 19:29\n'}, {'author': 'jim23027', 'text': ': ，通緝沒有被準用到，所以應該是不會。', 'time': ' 12/12 19:29\n'}, {'author': 'adamas0422', 'text': ': 頂多公示送達吧', 'time': ' 12/12 20:04\n'}, {'author': 'q135q135', 'text': ': ', 'time': ' 12/12 20:48\n'}, {'author': 'q135q135', 'text': ': 打臉愛不懂裝懂的人  對了  愛不懂裝懂的某m何時可以說', 'time': ' 12/12 20:48\n'}, {'author': 'q135q135', 'text': ': 明假扣押和比例原則有什麼關係呢？', 'time': ' 12/12 20:48\n'}]"
1,https://www.ptt.cc/bbs/LAW/M.1639292679.A.A1C.html,opasdaddsdd (bluesky),[問題] 工安意外死亡賠償,Sun Dec 12 15:04:37 2021,"[{'author': 'maniaque', 'text': ': 只要是合法車輛,就算沒有保強制險,也還有得賠', 'time': ' 12/12 16:35\n'}, {'author': 'maniaque', 'text': ': 只是不是從保險本身賠', 'time': ' 12/12 16:36\n'}, {'author': 'maniaque', 'text': ': 除非連牌都沒有', 'time': ' 12/12 16:36\n'}, {'author': 'maniaque', 'text': ': 至於工程照規矩要有相關的投保,諸如雇主責任險', 'time': ' 12/12 16:37\n'}, {'author': 'maniaque', 'text': ': 重點是他們肇事...', 'time': ' 12/12 16:37\n'}, {'author': 'maniaque', 'text': ': 那照新聞,令尊是修車師傅,只是出差來到工地現場修車', 'time': ' 12/12 16:39\n'}, {'author': 'maniaque', 'text': ': 一開始還以為是車輛行駛把人壓死,看新聞才知不是', 'time': ' 12/12 16:41\n'}, {'author': 'maniaque', 'text': ': 新聞連結可以縮短一下嘛?', 'time': ' 12/12 16:41\n'}, {'author': 'iscu', 'text': ': ', 'time': ' 12/12 17:25\n'}, {'author': 'iscu', 'text': ': 幫縮網址~', 'time': ' 12/12 17:25\n'}, {'author': 'opasdaddsdd', 'text': ': 拍謝 我在外面 等等我縮網址', 'time': ' 12/12 17:25\n'}, {'author': 'cape129', 'text': ': 去律師版請人推律師吧！這版很多人的見解超獨特。勿輕信', 'time': ' 12/12 17:34\n'}, {'author': 'Nipperdey', 'text': ': 建議委任律師處理', 'time': ' 12/12 17:50\n'}, {'author': 'JustSad', 'text': ': 你都有找議員踢爆了，他們沒有幫你找律師？不合邏輯吧？', 'time': ' 12/12 18:27\n'}, {'author': 'JustSad', 'text': ': 建議你不要找國民黨的民代，他們只會把問題符合他們利益', 'time': ' 12/12 18:27\n'}, {'author': 'JustSad', 'text': ': 高雄市民進黨執政，不信任民進黨可以找其他在野黨～', 'time': ' 12/12 18:28\n'}, {'author': 'JustSad', 'text': ': 建議你先不要預設立場，把所有能幫助你的人打成敵人。', 'time': ' 12/12 18:31\n'}, {'author': 'JustSad', 'text': ': 你有ptt帳號案件曾經上新聞～財團再強也沒辦法壓你聲音吧', 'time': ' 12/12 18:35\n'}, {'author': 'GeorgeKimo', 'text': ': 感覺不是職業安全衛生法的範圍。', 'time': ' 12/12 18:45\n'}, {'author': 'q135q135', 'text': ': 推cape大  去找專業律師諮詢吧  本板很多愛不懂裝懂的人', 'time': ' 12/12 19:36\n'}, {'author': 'q135q135', 'text': ': 很多東西都亂講一通  請不要盡信  以免被誤導', 'time': ' 12/12 19:37\n'}, {'author': 'maniaque', 'text': ': 兩人不要在那邊唱雙簧,你出現他就出現,他出現你就出現', 'time': ' 12/12 20:54\n'}, {'author': 'labil01', 'text': ': 刑責：肇事司機。民事責任：肇事司機+僱用公司（民188僱', 'time': ' 12/13 17:08\n'}, {'author': 'labil01', 'text': ': 刑責：肇事司機。民事責任：肇事司機+僱用公司（民188僱', 'time': ' 12/13 17:09\n'}, {'author': 'labil01', 'text': ': 用人責任。', 'time': ' 12/13 17:09\n'}, {'author': 'labil01', 'text': ': 僱用人責任除外但書：「已盡相當之注意或縱加相當注意仍', 'time': ' 12/13 17:10\n'}, {'author': 'labil01', 'text': ': 不免發生其損害」', 'time': ' 12/13 17:10\n'}, {'author': 'labil01', 'text': ': 因此攻防重點1.肇事司機是否有「故意」或「過失」。2.僱', 'time': ' 12/13 17:12\n'}, {'author': 'labil01', 'text': ': 用公司有無盡相當注意。', 'time': ' 12/13 17:12\n'}, {'author': 'labil01', 'text': ': 1.牽涉有沒有「責任」要賠償，2.牽涉有沒有「錢」賠償。', 'time': ' 12/13 17:14\n'}, {'author': 'labil01', 'text': ': 1.偏刑事2.偏工安，建議找有工安經驗的律師，以免落入有', 'time': ' 12/13 17:16\n'}, {'author': 'labil01', 'text': ': 責沒錢賠償的情況', 'time': ' 12/13 17:16\n'}, {'author': 'saltlake', 'text': ': 土木公司的司機疑似不慎壓死你爹，這表示司機和土木公司', 'time': ' 12/13 18:29\n'}, {'author': 'saltlake', 'text': ': 都是可能要負責賠你家錢的當事人', 'time': ' 12/13 18:30\n'}, {'author': 'saltlake', 'text': ': 你卻要把賠償事宜交給他們? 公司跟你家談和解或賠償', 'time': ' 12/13 18:31\n'}, {'author': 'saltlake', 'text': ': 號稱「其實不甘他們的事情...就是想負責」 這點如網友述', 'time': ' 12/13 18:32\n'}, {'author': 'saltlake', 'text': ': 民188僱用人責任規定:公司除非證明可免責，推定(假設)', 'time': ' 12/13 18:33\n'}, {'author': 'saltlake', 'text': ': 要負責任的', 'time': ' 12/13 18:33\n'}, {'author': 'saltlake', 'text': ': 之前台鐵普悠瑪出事，台鐵和司機都是當事人', 'time': ' 12/13 18:35\n'}, {'author': 'saltlake', 'text': ': 台鐵也很 好心 幫家屬求償。結果請網搜新聞', 'time': ' 12/13 18:36\n'}, {'author': 'saltlake', 'text': ': 當然公司不同，不一定一樣。但台鐵案可以參考可能狀況', 'time': ' 12/13 18:37\n'}]"
2,https://www.ptt.cc/bbs/LAW/M.1639313357.A.B30.html,obillyo (綠島),[問題] 關於不動產設定抵押權問題,Sun Dec 12 20:49:15 2021,"[{'author': 'obillyo', 'text': ': 更正錯字：銀行為第一順位，投資客A為第二順位抵押權', 'time': ' 12/12 22:02\n'}, {'author': 'CCWck', 'text': ': B只負責出名 A自己付不出房貸還要找B賠償?', 'time': ' 12/13 00:05\n'}, {'author': 'maniaque', 'text': ': 也不少是 B 被坑殺, A 聯合炒高房價,讓 B 接盤', 'time': ' 12/13 10:09\n'}, {'author': 'maniaque', 'text': ': 記得前陣子就有這樣的,還是個知名炒房人物', 'time': ' 12/13 10:09\n'}, {'author': 'maniaque', 'text': ': 設定抵押也只會造成下位接盤俠對於此房產的複雜度退卻', 'time': ' 12/13 10:10\n'}, {'author': 'maniaque', 'text': ': 歐...帥過頭 就是了', 'time': ' 12/13 10:12\n'}, {'author': 'maniaque', 'text': ': 只是當年的那些被套牢的房產,現在應該都翻好幾翻了', 'time': ' 12/13 10:12\n'}, {'author': 'maniaque', 'text': ': 另外,B本以為出名字,沒想到還得扛下A投資失利的風險???', 'time': ' 12/13 10:15\n'}, {'author': 'maniaque', 'text': ': 你確定當出名人拿出當初的借名契約書,法庭上不會被洗臉?', 'time': ' 12/13 10:16\n'}, {'author': 'maniaque', 'text': ': yt 影片是出名人因本身經濟問題,導致名下房產被法拍吧', 'time': ' 12/13 10:18\n'}]"
3,https://www.ptt.cc/bbs/LAW/M.1639355860.A.0F9.html,szg0417 (藍莓燒),[問題] 三審有必要再寫書狀嗎!?,Mon Dec 13 08:37:38 2021,"[{'author': 'stevenchiang', 'text': ': 三審法律審，只會看適用法律錯誤的部分，你要寫事', 'time': ' 12/13 09:03\n'}, {'author': 'stevenchiang', 'text': ': 實面的話，理論上是完全不會看的', 'time': ' 12/13 09:03\n'}, {'author': 'stevenchiang', 'text': ': 就掃過發現你都在講事實就放旁邊了', 'time': ' 12/13 09:04\n'}, {'author': 'maniaque', 'text': ': 三審就交給律師處理吧......', 'time': ' 12/13 09:16\n'}, {'author': 'tnssh211448', 'text': ': 三審一直講事實的話直接下去喔', 'time': ' 12/13 09:43\n'}, {'author': 'tnssh211448', 'text': ': 請相信你的律師  天大的委屈  等發回更審再說', 'time': ' 12/13 09:43\n'}, {'author': 'tnssh211448', 'text': ': 也請不要沒跟律師討論就擅自出狀', 'time': ' 12/13 09:44\n'}, {'author': 'szg0417', 'text': ': 那還是別寫好了!!感謝樓上各位', 'time': ' 12/13 09:58\n'}, {'author': 'maniaque', 'text': ': 這就好比醫療,你在正規醫療過程中,又跑去用了偏方啥的', 'time': ' 12/13 10:04\n'}, {'author': 'jasonyeh', 'text': ': 三審本來就是法律審，律師不挑適用法規有誤要挑什麼', 'time': ' 12/13 11:37\n'}, {'author': 'KKyosuke', 'text': ': 你覺得自己比律師懂可以寫啊zzz', 'time': ' 12/13 12:05\n'}, {'author': 'toray', 'text': ': 第三審的審查標準都搞不清楚還嗆律師 自己處理吧zzz', 'time': ' 12/13 12:14\n'}, {'author': 'thanatos0906', 'text': ': 三審九死（原判）一生（發回），就算法律層面有疑慮', 'time': ' 12/13 14:04\n'}, {'author': 'thanatos0906', 'text': ': ，大都是睜眼說瞎話維持原判', 'time': ' 12/13 14:04\n'}, {'author': 'JustSad', 'text': ': 三審完應該就定讞了…', 'time': ' 12/13 14:31\n'}, {'author': 'szg0417', 'text': ': 請問我的原文那個字去嗆律師!?', 'time': ' 12/13 16:16\n'}, {'author': 'szg0417', 'text': ': 麻煩此帖請板主代刪…看到自以為是的酸民受不了', 'time': ' 12/13 16:19\n'}, {'author': 'KKyosuke', 'text': ': 你發完文玻璃心自刪又不是第一次了  現在不能刪才在呵呵', 'time': ' 12/13 17:07\n'}, {'author': 'szg0417', 'text': ': 你的意思是酸民板嗎!?我原文那裡嗆律師你說!?', 'time': ' 12/13 17:18\n'}, {'author': 'szg0417', 'text': ': 我事後還回感謝、你覺我這樣作的還不夠!?還是要酸!?', 'time': ' 12/13 17:19\n'}, {'author': 'szg0417', 'text': ': 如果是上來找情緒發謝的、也麻煩發謝完補一句發謝完了、', 'time': ' 12/13 17:26\n'}, {'author': 'szg0417', 'text': ': 謝謝', 'time': ' 12/13 17:26\n'}, {'author': 'AccGuest', 'text': ': 已有委任律師，但律師都在挑法條錯誤的部份，這段感覺就', 'time': ' 12/14 16:16\n'}, {'author': 'AccGuest', 'text': ': 是在嫌棄律師，覺得律師不理你覺得事實需要補充的部份，', 'time': ' 12/14 16:16\n'}, {'author': 'AccGuest', 'text': ': 三審本來就是在審這個，你還嫌棄他，推文當然會說你行你', 'time': ' 12/14 16:16\n'}, {'author': 'AccGuest', 'text': ': 來', 'time': ' 12/14 16:16\n'}]"
4,https://www.ptt.cc/bbs/LAW/M.1639384334.A.868.html,"bcs (= =""frailty..gggg XD)",[問題]冷氣商或冷氣業務發存證,Mon Dec 13 16:32:11 2021,"[{'author': 'KKyosuke', 'text': ': 先再問一次原因  問完再考慮用法律手段催討', 'time': ' 12/13 17:14\n'}, {'author': 'maniaque', 'text': ': 你的簽約對象是冷氣行,冷氣行跟上游冷氣供應商業務之間', 'time': ' 12/13 18:21\n'}, {'author': 'maniaque', 'text': ': 不見得有先付訂金才能訂貨的需要', 'time': ' 12/13 18:22\n'}]"
5,https://www.ptt.cc/bbs/LAW/M.1639386649.A.8CD.html,ultratimes (),[問題] 請問這種情況有罪嗎？,Mon Dec 13 17:10:47 2021,"[{'author': 'iscu', 'text': ': 這叫緊急避難~', 'time': ' 12/13 17:39\n'}, {'author': 'JustSad', 'text': ': 你是那個B？', 'time': ' 12/13 22:12\n'}, {'author': 'JustSad', 'text': ': 霸凌或肢解外星人，目前好像沒有國家有罰則，只能拍電影', 'time': ' 12/13 22:14\n'}]"
6,https://www.ptt.cc/bbs/LAW/M.1639461127.A.C01.html,WireShark (只有對錯，沒有性別),[新聞] 兒遭救護車撞死　雙親心碎求償...律師偽,Tue Dec 14 13:52:03 2021,[]
7,https://www.ptt.cc/bbs/LAW/M.1639468889.A.CEE.html,s9233 (Paul),[問題] 隔壁拆房留下與我家相鄰的牆為何是我要,Tue Dec 14 16:01:27 2021,"[{'author': 'JustSad', 'text': ': 找民意代表陳情，如果在六都先打1999立案。', 'time': ' 12/14 16:14\n'}, {'author': 'kery1120', 'text': ': 牆壁未必不屬於不動產，參考民法66條第1項看看', 'time': ' 12/14 16:19\n'}, {'author': 'kery1120', 'text': ': 另可參考關鍵字""強迫之不當得利""，建議找律師處理', 'time': ' 12/14 16:27\n'}, {'author': 'KKyosuke', 'text': ': 房屋已經被拆牆壁已非不動產  最好可以這樣解釋XD', 'time': ' 12/14 16:53\n'}, {'author': 'KKyosuke', 'text': ': 就算真的被認為是復合也能用不當得利處理', 'time': ' 12/14 16:55\n'}]"
8,https://www.ptt.cc/bbs/LAW/M.1139760328.A.8DB.html,ArrowSmith (箭牌史密斯),[公告] 日常生活的法律問題，請多利用PttLifeLaw生活法律板,Mon Feb 13 00:30:01 2006,"[{'author': 'Yenfu35', 'text': ':搜尋標題中有「陪審」的文章。', 'time': ' 05/11 09:48\n'}, {'author': 'Yenfu35', 'text': ':推錯了.....囧', 'time': ' 05/11 09:48\n'}, {'author': 'slashfk', 'text': ':算是吧 ~  ^^', 'time': ' 08/21 08:47\n'}, {'author': 'slashfk', 'text': ':我也推錯了........orz', 'time': ' 08/21 08:48\n'}, {'author': 'sid', 'text': ':謝秀~', 'time': ' 01/25 00:51\n'}, {'author': 'HAIWEI', 'text': ':請問關於污辱罪', 'time': ' 01/26 01:31\n'}, {'author': 'chitarra', 'text': ':請問..PttLifeLaw版怎麼走?..我用看版地圖沒找到..><', 'time': ' 02/07 07:51\n'}, {'author': 'sappp0714', 'text': ':我也找不到= =', 'time': ' 04/22 17:04\n'}, {'author': 'CSULA', 'text': ':報告站長 PTT咬我>>PTT法務部>>生活法律板  希望能有幫助 ^^', 'time': ' 05/25 23:59\n'}, {'author': 'redimac', 'text': ':感謝回答，能否依損害賠償的部份再詳加說明呢？非常感謝', 'time': ' 01/19 19:01\n'}, {'author': 'hopegirlada', 'text': ':我去過生活法律板，但問簡單的問題都被刪文（有爬文，', 'time': ' 02/17 10:41\n'}, {'author': 'hopegirlada', 'text': ':沒看到類似的案例），所以現在都不敢在那裡發言......', 'time': ' 02/17 10:42\n'}, {'author': 'jihugy', 'text': ':請問lifelaw版還在嗎？翻遍整個ptt都找不到說...', 'time': ' 04/01 12:20\n'}, {'author': 'power7', 'text': ':是""pttlifelaw"" 找板法請看問板', 'time': ' 04/05 08:25\n'}, {'author': 'snowtoya', 'text': ':樓上，是的', 'time': ' 04/07 08:43\n'}, {'author': 'snowtoya', 'text': ':= =筆電操作鍵不一樣害我推錯到這篇QQ', 'time': ' 04/07 08:45\n'}]"
9,https://www.ptt.cc/bbs/LAW/M.1629653620.A.1E6.html,samallan (閃雲),[公告]法律板板規 2021.08.23,Mon Aug 23 01:33:10 2021,[]
10,https://www.ptt.cc/bbs/LAW/M.1629654896.A.827.html,samallan (閃雲),[公告] 申訴方式暨置底檢舉區,Mon Aug 23 01:54:53 2021,"[{'author': 'celtics1997', 'text': ': ', 'time': ' 08/29 15:28\n'}, {'author': 'q135q135', 'text': ': ', 'time': ' 09/04 21:53\n'}, {'author': 'q135q135', 'text': ': ', 'time': ' 09/07 20:48\n'}, {'author': 'q135q135', 'text': ':  不符我國法律規定', 'time': ' 09/07 20:48\n'}, {'author': 'maniaque', 'text': ': 請樓上自己先自審自律吧,ok ?', 'time': ' 09/08 10:27\n'}, {'author': 'q135q135', 'text': ': 感謝板主  一知半解或不懂裝懂的人就容易提出錯誤或不完', 'time': ' 09/09 01:30\n'}, {'author': 'q135q135', 'text': ': 整的回答  從而極可能誤導其他板友  進而產生不良的影響', 'time': ' 09/09 01:30\n'}, {'author': 'q135q135', 'text': ': 與後果  法板是一個講求專業的看板  似不宜放任此類錯誤', 'time': ' 09/09 01:30\n'}, {'author': 'q135q135', 'text': ': 或不完整的回答繼續存在  惟有人明顯法律專業不足  卻長', 'time': ' 09/09 01:30\n'}, {'author': 'q135q135', 'text': ': 期在本板胡扯瞎說  小弟實在看不過去  期盼板主能正本清', 'time': ' 09/09 01:30\n'}, {'author': 'q135q135', 'text': ': 源  讓本板回歸專業', 'time': ' 09/09 01:30\n'}, {'author': 'q135q135', 'text': ': ', 'time': ' 09/11 02:06\n'}, {'author': 'q135q135', 'text': ': 不符我國法律規定及實務見解', 'time': ' 09/11 02:07\n'}, {'author': 'q135q135', 'text': ': ', 'time': ' 09/18 12:23\n'}, {'author': 'q135q135', 'text': ': 有精神賠償的概念""之說法  不符我國法律規定及實務見解', 'time': ' 09/18 12:24\n'}, {'author': 'q135q135', 'text': ': ', 'time': ' 09/29 23:22\n'}, {'author': 'q135q135', 'text': ': ', 'time': ' 09/29 23:24\n'}, {'author': 'Fujiwarano', 'text': ': q135q135你先照照鏡子捫心自問你每一篇留言有無挑釁人', 'time': ' 09/30 08:09\n'}, {'author': 'Fujiwarano', 'text': ': 板主都說閒聊區沒有公然侮辱之類的都不處理了你鬧板?', 'time': ' 09/30 08:15\n'}, {'author': 'around14357', 'text': ': ', 'time': ' 10/10 03:07\n'}, {'author': 'around14357', 'text': ': 擊 挑釁', 'time': ' 10/10 03:07\n'}, {'author': 'around14357', 'text': ': 此鄉民借詢問問題之名將我與其在他板的爭執拿到本板', 'time': ' 10/10 03:08\n'}, {'author': 'around14357', 'text': ': ，在文中並對我有人身攻擊與挑釁的言詞，例如""他就', 'time': ' 10/10 03:08\n'}, {'author': 'around14357', 'text': ': 氣急敗壞"" ""他自己對號入座"" ""他誤會還惱羞成怒""。', 'time': ' 10/10 03:08\n'}, {'author': 'around14357', 'text': ': 這些顯係為了要攻擊我的言詞。', 'time': ' 10/10 03:08\n'}, {'author': 'around14357', 'text': ': 若他真為了詢問法律問題，根本無需刻意提及我的ID，', 'time': ' 10/10 03:08\n'}, {'author': 'around14357', 'text': ': 只需以""網路某鄉民""替代，更無需講那些挑釁攻擊的言', 'time': ' 10/10 03:08\n'}, {'author': 'around14357', 'text': ': 詞。', 'time': ' 10/10 03:08\n'}, {'author': 'around14357', 'text': ': 本來我受其言論挑釁是想回文一篇將他與我的爭執其前', 'time': ' 10/10 03:09\n'}, {'author': 'around14357', 'text': ': 因後果完整說明清楚，但考量本板並非用來爭執私怨之', 'time': ' 10/10 03:09\n'}, {'author': 'around14357', 'text': ': 處，故提出檢舉希望由板主作出處理以主持公道並維持', 'time': ' 10/10 03:09\n'}, {'author': 'around14357', 'text': ': 本板有合理的討論秩序。', 'time': ' 10/10 03:09\n'}, {'author': 'around14357', 'text': ': 因我不常來本板看文，今天才看到此文，故今天才能提', 'time': ' 10/10 03:09\n'}, {'author': 'around14357', 'text': ': 出檢舉，麻煩板主處理了，感謝。', 'time': ' 10/10 03:09\n'}, {'author': 'around14357', 'text': ': 更正。應該是', 'time': ' 10/10 03:14\n'}, {'author': 'around14357', 'text': ': ', 'time': ' 10/10 03:15\n'}, {'author': 'around14357', 'text': ': 擊 挑釁', 'time': ' 10/10 03:15\n'}, {'author': 'around14357', 'text': ': 因前面檢舉的板規條項參考前面推文而弄錯了，故在此', 'time': ' 10/10 03:26\n'}, {'author': 'around14357', 'text': ': 作更正。', 'time': ' 10/10 03:26\n'}, {'author': 'around14357', 'text': ': ', 'time': ' 10/10 03:53\n'}, {'author': 'around14357', 'text': ': 身攻擊 挑釁', 'time': ' 10/10 03:53\n'}, {'author': 'around14357', 'text': ': 這是與前面的檢舉有相關的。', 'time': ' 10/10 03:53\n'}, {'author': 'around14357', 'text': ': 此文是其他鄉民回覆他的發問，在""推文""中被檢舉人卻', 'time': ' 10/10 03:54\n'}, {'author': 'around14357', 'text': ': 表示""誰知道好心被雷親""等針對我個人的批評言語。', 'time': ' 10/10 03:54\n'}, {'author': 'around14357', 'text': ': 我想本板是純粹討論學術的板，板規應該要從嚴處理。', 'time': ' 10/10 03:54\n'}, {'author': 'around14357', 'text': ': 應不容許這種刻意發文提及特定鄉民的ID，並講一些針', 'time': ' 10/10 03:54\n'}, {'author': 'around14357', 'text': ': 對對方的批評言論。', 'time': ' 10/10 03:54\n'}, {'author': 'around14357', 'text': ': 否則若被批評的鄉民如我看了不認同要反駁其批評，是', 'time': ' 10/10 03:54\n'}, {'author': 'around14357', 'text': ': 否會將本板淪為私怨爭執之處？', 'time': ' 10/10 03:54\n'}, {'author': 'around14357', 'text': ': 所以應該從根本就不容許對特定鄉民所作的任何批評言', 'time': ' 10/10 03:54\n'}, {'author': 'around14357', 'text': ': 論與挑釁。', 'time': ' 10/10 03:54\n'}, {'author': 'around14357', 'text': ': 以上這是個人的看法與建議，麻煩板主處理這兩個檢舉', 'time': ' 10/10 03:54\n'}, {'author': 'around14357', 'text': ': ，感謝', 'time': ' 10/10 03:54\n'}, {'author': 'around14357', 'text': ': 更正，第二個檢舉是檢舉推文，應該是板規第4條第2項', 'time': ' 10/11 00:23\n'}, {'author': 'ludoren', 'text': ': ', 'time': ' 10/25 17:35\n'}]"
11,https://www.ptt.cc/bbs/LAW/M.1629656635.A.206.html,samallan (閃雲),[閒聊] 置底閒聊區 2021Q3,Mon Aug 23 02:23:51 2021,"[{'author': 'celtics1997', 'text': ': @taipoo錢奴被水桶', 'time': ' 08/23 06:36\n'}, {'author': 'celtics1997', 'text': ': 會告板主違反言論自由 求償300兆', 'time': ' 08/23 06:36\n'}, {'author': 'celtics1997', 'text': ': 請務必當心 戒慎恐懼', 'time': ' 08/23 06:36\n'}, {'author': 'celtics1997', 'text': ': ', 'time': ' 08/23 06:36\n'}, {'author': 'celtics1997', 'text': ': ', 'time': ' 08/23 06:36\n'}, {'author': 'samallan', 'text': ': 只要願意遵守板規，我不會特別大小眼', 'time': ' 08/23 09:21\n'}, {'author': 'samallan', 'text': ': 但不否認我當初會跳出來他是很主要的因素XDD', 'time': ' 08/23 09:22\n'}, {'author': 'samallan', 'text': ': 之前沒人管要靠大家互相提醒，之後就回歸板規處理就好', 'time': ' 08/23 09:24\n'}, {'author': 'q135q135', 'text': ': 請教板主  對於不懂裝懂亂回答   甚至誤導發問者之人', 'time': ' 08/23 09:30\n'}, {'author': 'q135q135', 'text': ': 是否有相應處理之道？', 'time': ' 08/23 09:30\n'}, {'author': 'samallan', 'text': ': 暫時先觀察，偶爾錯誤還可以用法學見解不同帶過', 'time': ' 08/23 09:31\n'}, {'author': 'samallan', 'text': ': 但如果頻率頗高或長期如此，那會先從警告開始漸加重處分', 'time': ' 08/23 09:32\n'}, {'author': 'samallan', 'text': ': 至少我國對刑罰的見解還是以教育為主要目的，這邊亦同', 'time': ' 08/23 09:33\n'}, {'author': 'samallan', 'text': ': 題外話是，日常生活我是以直報怨派的，原則上否認性善', 'time': ' 08/23 09:35\n'}, {'author': 'stevenchiang', 'text': ': 以直拳報怨的那種嗎(?)', 'time': ' 08/23 10:45\n'}, {'author': 'jim23027', 'text': ': 感謝版主，管理這個版可能真的會很辛苦，加油！', 'time': ' 08/23 11:40\n'}, {'author': 'celtics1997', 'text': ': @taipoo錢奴天子：感謝分享', 'time': ' 08/23 12:41\n'}, {'author': 'q135q135', 'text': ': 辛苦板主了  管理這個板並不容易  尤其是有幾個長期的慣', 'time': ' 08/23 14:54\n'}, {'author': 'q135q135', 'text': ': 犯  喜歡誤導別人並數落發問者', 'time': ' 08/23 14:54\n'}, {'author': 'samallan', 'text': ': @steven大，以直拳報怨那個是尼特羅會長，我不會ˊ_>ˋ', 'time': ' 08/23 15:58\n'}, {'author': 'samallan', 'text': ': @q135，嘛，我是覺得法律這學門很講實用性', 'time': ' 08/23 16:02\n'}, {'author': 'samallan', 'text': ': 有待大大振聾發聵', 'time': ' 08/23 16:02\n'}, {'author': 'iscu', 'text': ': celtics1997 這傢伙應該是重點關照吧', 'time': ' 08/23 16:52\n'}, {'author': 'iscu', 'text': ': taipoo即使不被人所喜,但是比起一直重複發垃圾訊息好多了', 'time': ' 08/23 16:53\n'}, {'author': 'q135q135', 'text': ': 板主大大  小弟只是略懂皮毛而已  僅能略盡棉薄之力  實', 'time': ' 08/23 17:53\n'}, {'author': 'q135q135', 'text': ': 無力振聾發聵啊', 'time': ' 08/23 17:53\n'}, {'author': 'celtics1997', 'text': ': 有板主了 你可以去檢舉啊', 'time': ' 08/23 22:30\n'}, {'author': 'celtics1997', 'text': ': 不要跟@taipoo錢奴一樣紙上談兵', 'time': ' 08/23 22:30\n'}, {'author': 'iscu', 'text': ': 如果像之前一樣搞 當然檢舉,要是因為有版主了就變乖,那就沒', 'time': ' 08/24 01:29\n'}, {'author': 'iscu', 'text': ': 得檢舉了阿...你的選擇無法幫你決定~~', 'time': ' 08/24 01:30\n'}, {'author': 'iscu', 'text': ': 當然我覺得繼續這樣搞也不需要我去檢舉~', 'time': ' 08/24 01:31\n'}, {'author': 'iscu', 'text': ': 如果你希望大家檢舉你,希望被浸水桶,那也要給大家機會不是?', 'time': ' 08/24 01:45\n'}, {'author': 'jenoren', 'text': ': 覺得板主這個閒聊置底文措施滿可愛的！除了謾罵、侮辱、', 'time': ' 08/24 02:06\n'}, {'author': 'jenoren', 'text': ': 歧視性或仇恨性字眼等違法行為外，開放板友於此辯（ㄔㄠ', 'time': ' 08/24 02:06\n'}, {'author': 'jenoren', 'text': ': ˇ）論（ㄐㄧㄚˋ）也不錯XD', 'time': ' 08/24 02:06\n'}, {'author': 'jenoren', 'text': ': 能量釋放完了，板上其他地方發文與推文務必請保持理性～', 'time': ' 08/24 02:06\n'}, {'author': 'jenoren', 'text': ': ～', 'time': ' 08/24 02:06\n'}, {'author': 'celtics1997', 'text': ': ', 'time': ' 08/24 07:59\n'}, {'author': 'celtics1997', 'text': ': ', 'time': ' 08/24 07:59\n'}, {'author': 'celtics1997', 'text': ': ', 'time': ' 08/24 07:59\n'}, {'author': 'celtics1997', 'text': ': ', 'time': ' 08/25 09:29\n'}, {'author': 'celtics1997', 'text': ': ', 'time': ' 08/25 09:29\n'}, {'author': 'celtics1997', 'text': ': ', 'time': ' 08/25 09:29\n'}, {'author': 'celtics1997', 'text': ': ', 'time': ' 08/26 06:48\n'}, {'author': 'celtics1997', 'text': ': ', 'time': ' 08/26 06:48\n'}, {'author': 'celtics1997', 'text': ': ', 'time': ' 08/26 06:48\n'}, {'author': 'celtics1997', 'text': ': ', 'time': ' 08/26 06:48\n'}, {'author': 'celtics1997', 'text': ': ', 'time': ' 08/27 06:23\n'}, {'author': 'celtics1997', 'text': ': ', 'time': ' 08/27 06:23\n'}, {'author': 'celtics1997', 'text': ': ', 'time': ' 08/28 00:35\n'}, {'author': 'celtics1997', 'text': ': ', 'time': ' 08/29 11:43\n'}, {'author': 'celtics1997', 'text': ': 感謝@taipoo錢奴帶來的歡笑', 'time': ' 08/29 11:43\n'}, {'author': 'celtics1997', 'text': ': ', 'time': ' 08/30 03:00\n'}, {'author': 'celtics1997', 'text': ': ', 'time': ' 08/30 03:00\n'}, {'author': 'samallan', 'text': ': 月底＆學期末，已經忙炸了，然後還......', 'time': ' 08/31 12:02\n'}, {'author': 'samallan', 'text': ': 有誰可以聯絡taipoo的家人請他們帶他去住院或回診的嗎？', 'time': ' 08/31 12:02\n'}, {'author': 'celtics1997', 'text': ': 有喔 他臉書有公布蘇家的個人資料', 'time': ' 08/31 12:06\n'}, {'author': 'MrTaxes', 'text': ': 想建議板主也許可以採行類似現實法制的控訴制度。', 'time': ' 08/31 15:55\n'}, {'author': 'MrTaxes', 'text': ': 也就是由板主扮演檢方，涉嫌違規的板友則是被告。', 'time': ' 08/31 15:56\n'}, {'author': 'MrTaxes', 'text': ': 另以一定名額數的板友扮演法官來判定是否應禁言處分。', 'time': ' 08/31 15:58\n'}, {'author': 'MrTaxes', 'text': ': 因為板主想維護的板上的討論品質，而被檢舉的板友則是基', 'time': ' 08/31 15:59\n'}, {'author': 'MrTaxes', 'text': ': 於個人言論自由。雙方主張各有理由。', 'time': ' 08/31 16:00\n'}, {'author': 'MrTaxes', 'text': ': 如果透過一個比較符合現代法治的程序的嚴謹程序，對當事', 'time': ' 08/31 16:02\n'}, {'author': 'MrTaxes', 'text': ': 人來講也許比較容易心服口服。板主也不會被當事人針對，', 'time': ' 08/31 16:04\n'}, {'author': 'MrTaxes', 'text': ': 畢竟整個程序是審檢分離，而非個人獨斷，可謂相當完善。', 'time': ' 08/31 16:05\n'}, {'author': 'samallan', 'text': ': 不想用推文討論何謂自由？何謂言論自由？這種近乎哲學的', 'time': ' 08/31 23:43\n'}, {'author': 'samallan', 'text': ': 問題，單就制度面而言，我國法律明確限制某些言論的存在', 'time': ' 08/31 23:44\n'}, {'author': 'samallan', 'text': ': 想標新立異又想被當正常人，那就負起教化世人的責任', 'time': ' 08/31 23:46\n'}, {'author': 'jenoren', 'text': ': 讓板友來決定某板友之舉措是否達禁言標準，太過浮動，難', 'time': ' 09/01 02:59\n'}, {'author': 'jenoren', 'text': ': 以支持。', 'time': ' 09/01 02:59\n'}, {'author': 'jenoren', 'text': ': 板主切實地執行板規，避免其他板友因渠不負責任之言論而', 'time': ' 09/01 02:59\n'}, {'author': 'jenoren', 'text': ': 有受有損害之虞，目的、手段均正當且合於比例原則，我並', 'time': ' 09/01 02:59\n'}, {'author': 'jenoren', 'text': ': 不覺得板主有何獨斷之處。', 'time': ' 09/01 02:59\n'}, {'author': 'MrTaxes', 'text': ': 從糾問主義到控訴主義,至將推的國民參與,制度演變的潮流.', 'time': ' 09/01 07:59\n'}, {'author': 'MrTaxes', 'text': ': 獨斷是指由單一主體獨立判斷的形式。與判斷品質好外無關', 'time': ' 09/01 08:03\n'}, {'author': 'MrTaxes', 'text': ': 板規也已有對言論限制的規定,那是實體的規定。', 'time': ' 09/01 08:05\n'}, {'author': 'MrTaxes', 'text': ': 而我提議的是從程序面來擴大參與。參與的板友一樣要依板', 'time': ' 09/01 08:08\n'}, {'author': 'MrTaxes', 'text': ': 規做判斷。', 'time': ' 09/01 08:08\n'}, {'author': 'samallan', 'text': ': 我覺得要談這個創新的制度之前，是不是先去了解一下', 'time': ' 09/01 08:36\n'}, {'author': 'samallan', 'text': ': 一、美國的陪審團制度；二、日本宣告失敗的裁判員制度；', 'time': ' 09/01 08:37\n'}, {'author': 'samallan', 'text': ': 然後為什麼韓國要改推法科學院', 'time': ' 09/01 08:38\n'}, {'author': 'samallan', 'text': ': 雖然law板的長期使用者絕大多數都有一定的法學素養', 'time': ' 09/01 08:40\n'}, {'author': 'samallan', 'text': ': 但是誰去賦予他們認定有無違規的權利？誰去督促他們履行', 'time': ' 09/01 08:41\n'}, {'author': 'samallan', 'text': ': 客觀義務與作出裁定的義務？', 'time': ' 09/01 08:42\n'}, {'author': 'samallan', 'text': ': 從名單、名額、運作方式、時效到裁定權範圍，都是問題', 'time': ' 09/01 08:43\n'}, {'author': 'samallan', 'text': ': 板主制誠然將這些責任與權力全盤交予板主執行，但也有小', 'time': ' 09/01 08:44\n'}, {'author': 'MrTaxes', 'text': ': 這只是技術上的問題。可以用公告來舉辦限期投票也一種,形', 'time': ' 09/01 08:45\n'}, {'author': 'samallan', 'text': ': 組、群組甚至到站方等層級制的審查與管理', 'time': ' 09/01 08:45\n'}, {'author': 'MrTaxes', 'text': ': 成判斷的方式。', 'time': ' 09/01 08:45\n'}, {'author': 'samallan', 'text': ': 要求不特定多數人都能做到７０分，比要求特定自願者做到', 'time': ' 09/01 08:48\n'}, {'author': 'samallan', 'text': ': ８５分難多了，何況真這樣做，督促這些人的責任還是在板', 'time': ' 09/01 08:49\n'}, {'author': 'samallan', 'text': ': 主身上，完全不覺得責任或是工作量有下降', 'time': ' 09/01 08:50\n'}, {'author': 'samallan', 'text': ': 再舉個近在眼前的例子，taipoo在公告下的推文，辦投票的', 'time': ' 09/01 08:51\n'}, {'author': 'samallan', 'text': ': 話人身攻擊一定會成案，但誰開設投票？我。誰設計選項跟', 'time': ' 09/01 08:54\n'}, {'author': 'samallan', 'text': ': 投票說明？我。誰去計票？我透過PTT系統開票', 'time': ' 09/01 08:54\n'}, {'author': 'MrTaxes', 'text': ': 擴大參與的確會增加行政成本，這是必然的。', 'time': ' 09/01 08:59\n'}, {'author': 'MrTaxes', 'text': ': 每種制度都各有利弊，板主制的效率優於參與制。', 'time': ' 09/01 09:02\n'}, {'author': 'MrTaxes', 'text': ': 但參與制或許能削弱被檢舉人對板主的針對性,因為是公眾裁', 'time': ' 09/01 09:04\n'}, {'author': 'MrTaxes', 'text': ': 判，而且仍是依規定裁判。被檢舉人難以針對板主個人。', 'time': ' 09/01 09:05\n'}, {'author': 'MrTaxes', 'text': ': 就像國民法官就是因為職業法官被罵恐龍而推動的。', 'time': ' 09/01 09:06\n'}, {'author': 'MrTaxes', 'text': ': 人民不會再用包青天的標準去要求法官,而會反求諸己。', 'time': ' 09/01 09:08\n'}, {'author': 'samallan', 'text': ': 唉，所以去了解一下日本為啥宣告不再推動裁判員制度', 'time': ' 09/01 09:10\n'}, {'author': 'MrTaxes', 'text': ': 那為何台灣又要推國民法官呢？', 'time': ' 09/01 09:11\n'}, {'author': 'MrTaxes', 'text': ': 沒有一樣制度是完美的,各國有各國的民情,難一概而論。', 'time': ' 09/01 09:12\n'}, {'author': 'MrTaxes', 'text': ': 我只是提出一個具實驗性質的想法。', 'time': ' 09/01 09:16\n'}, {'author': 'MrTaxes', 'text': ': 另外說日本，日本的法官地位聽說是很高的。', 'time': ' 09/01 09:17\n'}, {'author': 'MrTaxes', 'text': ': 聽老師說，若在日本說法官會收賄，會被當成瘋子。', 'time': ' 09/01 09:18\n'}, {'author': 'MrTaxes', 'text': ': 不像在台灣，法官的地位差太多了。', 'time': ' 09/01 09:19\n'}, {'author': 'MrTaxes', 'text': ': 以上就閒聊而已。我知道板主很辛苦也很明理。', 'time': ' 09/01 09:21\n'}, {'author': 'q135q135', 'text': ': 建議樓上可以去看看法律經濟學相關的書籍', 'time': ' 09/01 10:17\n'}, {'author': 'MrTaxes', 'text': ': 謝謝建議。《經濟學與法律的對話》進法學院前曾讀過。', 'time': ' 09/01 10:20\n'}, {'author': 'q135q135', 'text': ': 既然讀過相關書籍  實在不懂為何會提出上面那些令人費解', 'time': ' 09/01 19:26\n'}, {'author': 'q135q135', 'text': ': 的建議', 'time': ' 09/01 19:26\n'}, {'author': 'MrTaxes', 'text': ': 您若也讀過，也許就不會覺得那麼費解了。', 'time': ' 09/01 20:20\n'}, {'author': 'q135q135', 'text': ': 我也讀過耶  所以才覺得費解  哈', 'time': ' 09/01 21:18\n'}, {'author': 'MrTaxes', 'text': ': 若您有高見，願聞其詳。', 'time': ' 09/01 21:26\n'}, {'author': 'q135q135', 'text': ': 小弟沒什麼高見  單純對於不思考行政成本所提出之制度改', 'time': ' 09/01 22:56\n'}, {'author': 'q135q135', 'text': ': 革  不表認同罷了  哈', 'time': ' 09/01 22:56\n'}, {'author': 'MrTaxes', 'text': ': 從預算來觀察，有哪一件制度改革是有降低行政成本嗎？', 'time': ' 09/02 00:01\n'}, {'author': 'MrTaxes', 'text': ': 以司法程序來說，制度愈趨於嚴謹，所要投入的成本就越高,', 'time': ' 09/02 00:13\n'}, {'author': 'MrTaxes', 'text': ': 但相對的，對人權的保障也會提升。', 'time': ' 09/02 00:15\n'}, {'author': 'MrTaxes', 'text': ': 所以成本需要考慮，但並非唯一，也並非首要。', 'time': ' 09/02 00:17\n'}, {'author': 'samallan', 'text': ': 我想還是找個地方表明一下我的態度，對taipoo我沒有好惡', 'time': ' 09/02 00:17\n'}, {'author': 'samallan', 'text': ': 純粹照規定辦事，如果採用賭盤、投票等等，我認為有可能', 'time': ' 09/02 00:17\n'}, {'author': 'MrTaxes', 'text': ': 否則過去糾問制度，沒有審檢分離，何以令人詬病呢？', 'time': ' 09/02 00:18\n'}, {'author': 'samallan', 'text': ': 變相成為一種多數霸凌，身為邊緣愛好者兼精神潔癖者，我', 'time': ' 09/02 00:18\n'}, {'author': 'MrTaxes', 'text': ': 我也先說，我覺得板主判得沒錯。', 'time': ' 09/02 00:19\n'}, {'author': 'samallan', 'text': ': 不想做出這種可能有號招霸凌的行為', 'time': ' 09/02 00:19\n'}, {'author': 'samallan', 'text': ': 我寧可開的賭盤是賭taipoo出桶後會順應板規，好好學習怎', 'time': ' 09/02 00:20\n'}, {'author': 'samallan', 'text': ': 樣寫出一般人也學得成的申論題答辯形式', 'time': ' 09/02 00:21\n'}, {'author': 'MrTaxes', 'text': ': 因為""霸凌""這一詞，似乎每隔人的標準不同。', 'time': ' 09/02 00:21\n'}, {'author': 'MrTaxes', 'text': ': 幾乎是一種憑個人感覺的模糊概念。', 'time': ' 09/02 00:22\n'}, {'author': 'samallan', 'text': ': 但是第一個是這種結果沒有客觀檢視標準，一個是PTT系統', 'time': ' 09/02 00:22\n'}, {'author': 'samallan', 'text': ': 有所局限，所以想想可以，但要實行可能性低', 'time': ' 09/02 00:22\n'}, {'author': 'MrTaxes', 'text': ': 我也只是提出來聊一聊而已。因為別的板,尤其是大板都經', 'time': ' 09/02 00:25\n'}, {'author': 'MrTaxes', 'text': ': 類似板主獨裁武斷，導致一些動盪跟傾斜。', 'time': ' 09/02 00:26\n'}, {'author': 'MrTaxes', 'text': ': 就像君主專制一樣，好非常好，壞非常壞。', 'time': ' 09/02 00:28\n'}, {'author': 'jenoren', 'text': ': 又有伸手牌問完問題得到大家解答後，轉身就刪文的情形發', 'time': ' 09/05 15:46\n'}, {'author': 'jenoren', 'text': ': 生了…', 'time': ' 09/05 15:46\n'}, {'author': 'jenoren', 'text': ': 誠摯地建議板主是不是參考他板板規，明確禁止此種過河拆', 'time': ' 09/05 15:46\n'}, {'author': 'jenoren', 'text': ': 橋之行為？', 'time': ' 09/05 15:46\n'}, {'author': 'samallan', 'text': ': ㄟ不是，我覺得說錯被撻伐應該，但要不要桶是另一回事', 'time': ' 09/09 13:24\n'}, {'author': 'samallan', 'text': ': 當然長期都講些似是而非，搞到多數板友不爽，這可以處理', 'time': ' 09/09 13:27\n'}, {'author': 'jenoren', 'text': ': 板友來法律板詢問現行刑庭之實務運作情形，他卻將個人高', 'time': ' 09/09 20:37\n'}, {'author': 'jenoren', 'text': ': 見包裝成現行實務見解外觀，甚至辯稱：「刑庭法官類推適', 'time': ' 09/09 20:37\n'}, {'author': 'jenoren', 'text': ': 用民法第98條是常有的事」、「刑法各罪之構成要件引用其', 'time': ' 09/09 20:37\n'}, {'author': 'jenoren', 'text': ': 他法律本來就很正常」云云，在判斷罪名是否成立的審查模', 'time': ' 09/09 20:37\n'}, {'author': 'jenoren', 'text': ': 式更屬個人獨創，最後還大膽預測未來實務會採納其高見…', 'time': ' 09/09 20:37\n'}, {'author': 'jenoren', 'text': ': ，總總均與現行實務之運作嚴重扞格，實有誤導之嫌。', 'time': ' 09/09 20:37\n'}, {'author': 'jenoren', 'text': ': 我覺得他如果在個人臉書粉絲團上闡述其獨創理念，當然很', 'time': ' 09/09 20:37\n'}, {'author': 'jenoren', 'text': ': 好；但是這裡很多板友是上來迫切詢問自己或親友所遭遇到', 'time': ' 09/09 20:37\n'}, {'author': 'jenoren', 'text': ': 現實生活中的法律問題，我想應該沒有發文者希望法律諮詢', 'time': ' 09/09 20:37\n'}, {'author': 'jenoren', 'text': ': 的結果會是聽陌生人高談闊論，或是發表離題的天馬行空個', 'time': ' 09/09 20:37\n'}, {'author': 'jenoren', 'text': ': 人意見（吧？！）。', 'time': ' 09/09 20:37\n'}, {'author': 'jenoren', 'text': ': 既然選擇要回答，就應該契合板友問題來回答，問現行實務', 'time': ' 09/09 20:37\n'}, {'author': 'jenoren', 'text': ': 就答現行實務，不要以明顯錯誤的答覆害到發問板友。（我', 'time': ' 09/09 20:37\n'}, {'author': 'jenoren', 'text': ': 個人認為他回答內容之瑕疵如同貼在額頭般明顯而重大。）', 'time': ' 09/09 20:37\n'}, {'author': 'jenoren', 'text': ': 當然，馬有失蹄人有失足，倘一時不慎誤為解答，經板友答', 'time': ' 09/09 20:37\n'}, {'author': 'jenoren', 'text': ': 覆，不是應該立即查證，於確認屬實後為檢討改進並予發問', 'time': ' 09/09 20:37\n'}, {'author': 'jenoren', 'text': ': 者澄清嗎？怎麼會選擇視而不見，繼續為其他討論，無限開', 'time': ' 09/09 20:37\n'}, {'author': 'jenoren', 'text': ': 花下去呢？', 'time': ' 09/09 20:37\n'}, {'author': 'jenoren', 'text': ': 我為我逝去的光陰流淚T^T', 'time': ' 09/09 20:37\n'}, {'author': 'q135q135', 'text': ': 樓上辛苦了  某u的多數獨家見解常悖於目前實務見解  容', 'time': ' 09/09 20:48\n'}, {'author': 'q135q135', 'text': ': 易誤導利用本板的板友  對本板恐有不良影響', 'time': ' 09/09 20:48\n'}, {'author': 'q135q135', 'text': ': 另外maniaque和JustSad也是本板不懂裝懂胡亂回答的長期', 'time': ' 09/09 20:52\n'}, {'author': 'q135q135', 'text': ': 慣犯  期盼板主能正本清源  為適當之處置', 'time': ' 09/09 20:52\n'}, {'author': 'samallan', 'text': ': ultratimes晚點會處理，等等有會要開', 'time': ' 09/10 10:37\n'}, {'author': 'samallan', 'text': ': 然後我還是推廣一下請大家多多用回文而非推文', 'time': ' 09/10 10:39\n'}, {'author': 'samallan', 'text': ': 尤其jenoren大大，幾乎每次推文內容都很詳細，絕對有回', 'time': ' 09/10 10:40\n'}, {'author': 'samallan', 'text': ': 文的價值，還可以同時備份原問題，降低原文自刪的影響', 'time': ' 09/10 10:42\n'}, {'author': 'samallan', 'text': ': 這周末我會再跟站方確認看板發文獎勵取回的程序', 'time': ' 09/10 10:43\n'}, {'author': 'q135q135', 'text': ': 看了一下推文時間  maniaque從10:15至11:01都掛在ptt上', 'time': ' 09/10 11:30\n'}, {'author': 'q135q135', 'text': ': 面  這還不包含他看文章的時間  身為一個公務人員  此種', 'time': ' 09/10 11:30\n'}, {'author': 'q135q135', 'text': ': 利用上班時間玩ptt的行為實不足取', 'time': ' 09/10 11:30\n'}, {'author': 'Fujiwarano', 'text': ': 少桶一個鬧板亂源q135q135', 'time': ' 09/12 09:22\n'}, {'author': 'samallan', 'text': ': 麥安捏...上周末被颱風打亂行程不說，這禮拜公事爆增', 'time': ' 09/14 23:21\n'}, {'author': 'samallan', 'text': ': 最近覺得板面上開始有點精彩了，應該是好現象...吧', 'time': ' 09/14 23:23\n'}, {'author': 'samallan', 'text': ': 我是很不希望私人恩怨在板面針鋒相對啦，雖然我也覺得', 'time': ' 09/14 23:25\n'}, {'author': 'samallan', 'text': ': 這種要求太困難......', 'time': ' 09/14 23:25\n'}, {'author': 'samallan', 'text': ': 阿然後，剛剛確認看板發文的P幣回歸了', 'time': ' 09/14 23:35\n'}, {'author': 'samallan', 'text': ': 之後手上工作量如果有緩解，會開始弄一些活動獎勵回文', 'time': ' 09/14 23:36\n'}, {'author': 'jenoren', 'text': ': 讓認真思考、用心回答且有所本的回文板友們得到批幣獎勵', 'time': ' 09/20 03:38\n'}, {'author': 'jenoren', 'text': ': ，不啻為一種鼓舞方式與正向循環～支持板主之措施：）', 'time': ' 09/20 03:38\n'}, {'author': 'Fujiwarano', 'text': ': q135q135 101.12.31.198 09/23', 'time': ' 09/23 09:34\n'}, {'author': 'Fujiwarano', 'text': ': q135q135 101.12.31.198 09/24', 'time': ' 09/24 19:29\n'}, {'author': 'Fujiwarano', 'text': ': ', 'time': ' 09/25 02:18\n'}, {'author': 'Fujiwarano', 'text': ': q135q135 101.12.31.198 09/25', 'time': ' 09/25 16:28\n'}, {'author': 'Fujiwarano', 'text': ': q135q135 101.10.7.172  09/26', 'time': ' 09/26 12:06\n'}, {'author': 'Fujiwarano', 'text': ': q135q135 101.12.54.21  09/27', 'time': ' 09/27 01:37\n'}, {'author': 'Fujiwarano', 'text': ': 唉 連板上有判例都不會看 比我不是律師還菜還自稱律師', 'time': ' 09/27 02:20\n'}, {'author': 'Fujiwarano', 'text': ': 該不會你一直不敢拿出來秀的律師牌是雞腿換的吧?可憐', 'time': ' 09/27 02:21\n'}, {'author': 'Fujiwarano', 'text': ': 還是你自己故意濫訴過的判例 該不會你的金魚腦忘光了?', 'time': ' 09/27 02:22\n'}, {'author': 'Fujiwarano', 'text': ': q135q135 49.216.45.246 09/28', 'time': ' 09/28 08:59\n'}, {'author': 'Fujiwarano', 'text': ': 好拉 房屋板不能對話了 剩下來這邊嘴阿 你不是很愛嘴?', 'time': ' 09/28 15:06\n'}, {'author': 'Fujiwarano', 'text': ': 好啦 我認為這個板所有解答的人都要秀出你的律師執照', 'time': ' 09/29 02:20\n'}, {'author': 'Fujiwarano', 'text': ': 不然一律視同用雞腿換的', 'time': ' 09/29 02:20\n'}, {'author': 'Fujiwarano', 'text': ': 沒有秀出律師執照又自稱律師的人一律當騙子看看就好', 'time': ' 09/29 02:22\n'}, {'author': 'Fujiwarano', 'text': ': 房屋板的業務都要公開自己的牌連證號都要附上了 這裡?', 'time': ' 09/29 02:28\n'}, {'author': 'Fujiwarano', 'text': ': 板主都說對特定人士不滿都可以來這了 q13q135還要檢舉', 'time': ' 09/30 08:17\n'}, {'author': 'Fujiwarano', 'text': ': 你知道就是你惹人厭嗎? 自己沒感覺? 臉皮比城牆厚?', 'time': ' 09/30 08:18\n'}, {'author': 'Fujiwarano', 'text': ': 我還沒像你厚著臉皮每天追著我的文章留言騷擾 要臉嗎?', 'time': ' 09/30 08:19\n'}, {'author': 'Fujiwarano', 'text': ': 自己在房屋板做的鳥事還怕被這裡的板友知道嗎?你會怕?', 'time': ' 09/30 08:24\n'}, {'author': 'samallan', 'text': ': 其實發現PTT那個IP追蹤站方已經公告不承認為證據了', 'time': ' 09/30 09:10\n'}, {'author': 'samallan', 'text': ': 我自己的經驗是那些同IP列出來的都跟我無關就是了', 'time': ' 09/30 09:10\n'}, {'author': 'samallan', 'text': ': 因為我沒辦過第二帳號，我太太有帳號但也只有一次同IP', 'time': ' 09/30 09:12\n'}, {'author': 'Fujiwarano', 'text': ': 他自稱律師 但是故意都顯而不見站方判決早就排除那個', 'time': ' 09/30 09:21\n'}, {'author': 'Fujiwarano', 'text': ': 我還是認為本板回答問題的人需要出示律師執照才有公信', 'time': ' 09/30 09:22\n'}, {'author': 'Fujiwarano', 'text': ': 要強制與否看板主決定 反正我本來就不常來這', 'time': ' 09/30 09:23\n'}, {'author': 'Fujiwarano', 'text': ': 是這陣子q135q135一直來騷擾我我才過來這裡抒發一下', 'time': ' 09/30 09:23\n'}, {'author': 'samallan', 'text': ': 不要這樣，前陣子辭職的法務站長L也是在職期間考到照的', 'time': ' 09/30 09:24\n'}, {'author': 'Fujiwarano', 'text': ': 不是 因為他常常噹人 自稱律師你好歹秀出你的證號才對', 'time': ' 09/30 09:25\n'}, {'author': 'Fujiwarano', 'text': ': 不然路邊一個路人自稱他是美國總統這你信?', 'time': ' 09/30 09:25\n'}, {'author': 'Fujiwarano', 'text': ': 你如果曾經在板上公開過自己證號 你噹人我沒意見', 'time': ' 09/30 09:26\n'}, {'author': 'samallan', 'text': ': 公開律師證號會不會變成有利用看板招睞業務之嫌呢......', 'time': ' 09/30 09:27\n'}, {'author': 'samallan', 'text': ': 我很好奇......組務或站務之前不知道有沒有類似裁定', 'time': ' 09/30 09:27\n'}, {'author': 'Fujiwarano', 'text': ': 反正我只覺得他根本故意在鬧板而已房屋板跟這裡都一樣', 'time': ' 09/30 09:27\n'}, {'author': 'Fujiwarano', 'text': ': 不會阿 要求規定回覆別人文章者須曾PO文自介公開證號', 'time': ' 09/30 09:28\n'}, {'author': 'Fujiwarano', 'text': ': 曾公開證號又不等同招攬業務?不然我說我是大法官你信?', 'time': ' 09/30 09:29\n'}, {'author': 'Fujiwarano', 'text': ': 舉例:你要噹JustSad沒人說不可以 請附上你的律師證照', 'time': ' 09/30 09:31\n'}, {'author': 'Fujiwarano', 'text': ': 不然誰信你? 我怎知道你只是路人在詭辯? 對吧?', 'time': ' 09/30 09:32\n'}, {'author': 'Fujiwarano', 'text': ': 如果附上律師證照就算招攬業務的話 未免無限上綱', 'time': ' 09/30 09:33\n'}, {'author': 'Fujiwarano', 'text': ': 你要說公開證號後 多接到幾個網友來的案子有沒有因果', 'time': ' 09/30 09:36\n'}, {'author': 'Fujiwarano', 'text': ': 關係這我不否認 但板友也會看該人平常素行之人品決定', 'time': ' 09/30 09:36\n'}, {'author': 'Fujiwarano', 'text': ': 所以我不認為回答問題 提供自己證號就算招攬業務之嫌', 'time': ' 09/30 09:37\n'}, {'author': 'Fujiwarano', 'text': ': 就像房屋板本來貼賣屋文章從業人員本來就要提供證號', 'time': ' 09/30 09:38\n'}, {'author': 'Fujiwarano', 'text': ': 但跟我key不合的板友根本不會來找我看屋 所以同理', 'time': ' 09/30 09:38\n'}, {'author': 'Fujiwarano', 'text': ': 跟我同理念 也願意使用者付費的人才會來找我', 'time': ' 09/30 09:39\n'}, {'author': 'Fujiwarano', 'text': ': 那你要說我在房屋板上回答板友問題就算招攬業務之嫌?', 'time': ' 09/30 09:41\n'}, {'author': 'Fujiwarano', 'text': ': 如果算的話 那該板也可以廢了 只剩非從業人員路人嘴砲', 'time': ' 09/30 09:41\n'}, {'author': 'q135q135', 'text': ': “故意濫訴”、”金魚腦”算不算公然侮辱、人身攻擊  謹', 'time': ' 09/30 10:10\n'}, {'author': 'q135q135', 'text': ': 交由板主認定  至於其他部分  我就當作是在路上被瘋狗咬', 'time': ' 09/30 10:10\n'}, {'author': 'q135q135', 'text': ': 到  自認倒楣吧', 'time': ' 09/30 10:10\n'}, {'author': 'q135q135', 'text': ': 究竟是誰用”綠蝨”一詞來醜化、詆譭、貶損「律師」這個', 'time': ' 09/30 10:12\n'}, {'author': 'q135q135', 'text': ': 職業  某人心裡有數  倒是作賊喊捉賊的似乎都會比較大聲', 'time': ' 09/30 10:12\n'}, {'author': 'q135q135', 'text': ':   這在法庭上也算屢見不鮮啦  呵', 'time': ' 09/30 10:12\n'}, {'author': 'cofepupu', 'text': ': 咦？有人對號入座？ 我還以為金魚腦是在說我耶？', 'time': ' 09/30 10:26\n'}, {'author': 'q135q135', 'text': ': cofepupu  1.161.88.208  09/09 06:01', 'time': ' 09/30 10:37\n'}, {'author': 'q135q135', 'text': ': Fujiwarano  1.161.88.208  09/09 05:51', 'time': ' 09/30 10:37\n'}, {'author': 'cofepupu', 'text': ': 看了一下本板檢舉區，咦？故意濫訴不是某人日行的客觀', 'time': ' 09/30 10:38\n'}, {'author': 'cofepupu', 'text': ': 事實嗎？被指證後心虛？', 'time': ' 09/30 10:38\n'}, {'author': 'q135q135', 'text': ': cofepupu 與 Fujiwarano 有2個相同來源IP', 'time': ' 09/30 10:38\n'}, {'author': 'q135q135', 'text': ': 118.161.36.51  1.161.83.38', 'time': ' 09/30 10:38\n'}, {'author': 'cofepupu', 'text': ': 有人連板主上面的推文都視若無睹，還在貼那個發現ptt站', 'time': ' 09/30 10:40\n'}, {'author': 'cofepupu', 'text': ': 方不承認的東西，難怪有人說金魚腦，原來也是客觀事實', 'time': ' 09/30 10:40\n'}, {'author': 'cofepupu', 'text': ': ', 'time': ' 09/30 10:42\n'}, {'author': 'cofepupu', 'text': ': 這些都是你分身的意思了嗎？', 'time': ' 09/30 10:42\n'}, {'author': 'RaY4451', 'text': ': ㄜ, 另一個話題, 翻版上的文章, 有些已經因為法條更新而', 'time': ' 10/12 10:45\n'}, {'author': 'RaY4451', 'text': ': 不適用了。是不是應該移除那些文章才不會誤導當前的讀者', 'time': ' 10/12 10:45\n'}, {'author': 'RaY4451', 'text': ': 第二個話題是，版上蠻多文章屬於法律生活版的，是不是應', 'time': ' 10/12 10:46\n'}, {'author': 'RaY4451', 'text': ': 該透過版標加強宣導＋版規管理', 'time': ' 10/12 10:47\n'}, {'author': 'jenoren', 'text': ': 板主辛苦了～依稀感覺thanatos0906和sunmoonzhang是同一', 'time': ' 10/27 07:11\n'}, {'author': 'jenoren', 'text': ': 人（檢索後，合理懷疑更加深為有相當理由…）。', 'time': ' 10/27 07:11\n'}, {'author': 'jenoren', 'text': ': 掃過sunmoonzhang侮辱&誹謗特定檢察官及法官的那串擷圖', 'time': ' 10/27 07:11\n'}, {'author': 'jenoren', 'text': ': ，本人有撈到裁判書的全文（詳如下方傳送門），瀏覽過事', 'time': ' 10/27 07:11\n'}, {'author': 'jenoren', 'text': ': 實後，對照他的偏頗與仇恨性言論，實在不忍噓。', 'time': ' 10/27 07:11\n'}, {'author': 'jenoren', 'text': ': ', 'time': ' 10/27 07:11\n'}, {'author': 'jenoren', 'text': ': 真心希望他向專業諮商心理師尋求協助，只有自己心裡放下', 'time': ' 10/27 07:11\n'}, {'author': 'jenoren', 'text': ': 了，才不會日夜折磨自己。', 'time': ' 10/27 07:11\n'}, {'author': 'q135q135', 'text': ': 稍微查了一下  真的覺得他需要尋求專業協助', 'time': ' 10/27 10:11\n'}, {'author': 'jenoren', 'text': ': 似乎又有人上來發問，板友們回答後，發文者卻自D了。', 'time': ' 10/28 13:23\n'}, {'author': 'samallan', 'text': ': 我對張先生沒啥意見，但我覺得如果重考三年還考不到台大', 'time': ' 11/03 12:56\n'}, {'author': 'samallan', 'text': ': 醬料，真的沒必要那麼堅持，進去可能只會更痛苦', 'time': ' 11/03 12:56\n'}, {'author': 'samallan', 'text': ': 何況現在波波跟學後醫也都能考醫師照', 'time': ' 11/03 13:00\n'}, {'author': 'samallan', 'text': ': 病人在乎的是醫師好不好，能不能快又有效，不是學歷', 'time': ' 11/03 13:01\n'}, {'author': 'samallan', 'text': ': 笑死，某引戰仔去隔壁板發類似的文，結果被認定商業文', 'time': ' 11/05 11:32\n'}, {'author': 'samallan', 'text': ': 水桶一個月，比我這邊桶得還久耶，引戰仔是不是又要私信', 'time': ' 11/05 11:32\n'}, {'author': 'samallan', 'text': ': 酸隔壁板主啦', 'time': ' 11/05 11:33\n'}, {'author': 'samallan', 'text': ': 引戰仔覺得自己站得住腳就快去小組申訴啦，這樣我才能公', 'time': ' 11/05 11:34\n'}, {'author': 'samallan', 'text': ': 開你寫來的那狗屁不通的申訴信，就已經夠忙了還要看這種', 'time': ' 11/05 11:35\n'}, {'author': 'samallan', 'text': ': 混亂邪惡的創作文，真的是笑到小便分岔', 'time': ' 11/05 11:37\n'}, {'author': 'jenoren', 'text': ': 傻眼，又出現過河拆橋之發文者。原文裡並無涉及個資等機', 'time': ' 11/19 12:23\n'}, {'author': 'jenoren', 'text': ': 敏部分，連板友們的推文內容也一併被消失…', 'time': ' 11/19 12:23\n'}]"
12,https://www.ptt.cc/bbs/LAW/M.1635743148.A.0A7.html,samallan (天邊散雲 專業飄),[公告] 禁止自刪文章開始試行,Mon Nov  1 13:05:45 2021,"[{'author': 'q135q135', 'text': ': 推', 'time': ' 11/01 18:14\n'}, {'author': 'JackLondon', 'text': ': 推推', 'time': ' 11/02 14:12\n'}, {'author': 'iscu', 'text': ': 純推不下', 'time': ' 11/02 14:23\n'}, {'author': 'jenoren', 'text': ': (人*′∀‵)｡*ﾟ+', 'time': ' 11/02 19:31\n'}]"
